id,password,name,surname,dateOfBirth,address,contactPhone,email
447695297,1234567890,Sarah,Peretz,29/05/1992,"28 Ibn Gabirol St, Holon, Israel",-1567,qltvry@yahoo.com
377421961,1234567890,Michael,Sharon,21/05/1955,"74 King George St, Ashdod, Israel",-6087,enym@hotmail.com
183623800,1234567890,Jacob,Avraham,31/01/2000,"29 Dizengoff St, Eilat, Israel",-9140,qshgb@hotmail.com
412365645,1234567890,Hannah,Avraham,13/11/1976,"41 King George St, Netanya, Israel",-6073,shmvntvm@hotmail.com
914842901,1234567890,David,Levi,11/12/1958,"47 Ibn Gabirol St, Haifa, Israel",-6179,ld05@hotmail.com
740190681,1234567890,Hannah,Weiss,09/02/1985,"84 Dizengoff St, Tel Aviv, Israel",-2441,kshktr@hotmail.com
287823579,1234567890,David,Mizrahi,07/01/1965,"73 Ben Yehuda St, Holon, Israel",-8144,ytskhqkhlylh@bvkhbvt-qrmr.com
255888158,1234567890,Jacob,Cohen,06/08/1946,"1 Jabotinsky St, Jerusalem, Israel",-3755,xrvn@sbg.biz
785176546,1234567890,Jacob,Peretz,30/03/1965,"72 King George St, Eilat, Israel",-4355,shyrh58@khvry-gvln.com
872212980,1234567890,Sarah,Sharon,11/01/1979,"70 Herzl St, Eilat, Israel",-2524,mykllyhv@vkhnh.info
482789112,1234567890,Jacob,Sharon,23/10/1955,"96 Dizengoff St, Netanya, Israel",-1215,ymzrkhy@sdy.com
631434214,1234567890,Nathan,Weiss,01/02/1976,"118 Ibn Gabirol St, Tel Aviv, Israel",-8341,xshmvny@hotmail.com
203191861,1234567890,Hannah,Barak,26/02/1962,"179 Herzl St, Ashdod, Israel",-1764,hnyh00@gmail.com
895639847,1234567890,Emily,Peretz,28/05/1995,"196 King George St, Tel Aviv, Israel",-1276,khvhtl@yahoo.com
190532663,1234567890,Rachel,Mizrahi,14/10/2004,"6 Ben Yehuda St, Eilat, Israel",-6580,vkhyvnmvkhmd@shmsh-brvn.com
966052870,1234567890,Emily,Levi,15/01/1935,"8 Ben Yehuda St, Tel Aviv, Israel",-1491,yvlybnymyn@ymyn.info
202064119,1234567890,Sarah,Cohen,29/05/1947,"154 Ibn Gabirol St, Haifa, Israel",-4588,ryqvbvbyts@gmail.com
321634560,1234567890,Rachel,Barak,31/12/1994,"136 Ben Yehuda St, Haifa, Israel",-1520,lvykrym@mr.com
861442341,1234567890,Joshua,Mizrahi,09/08/1977,"47 Dizengoff St, Eilat, Israel",-7954,hkhn@hotmail.com
224095588,1234567890,David,Rosenthal,07/08/1952,"96 Ibn Gabirol St, Eilat, Israel",-6640,yqb86@rz.com
710212507,1234567890,Daniel,Peretz,19/07/1982,"104 Ibn Gabirol St, Haifa, Israel",-2913,dmkhn@slvmvn.com
802399279,1234567890,David,Barak,12/02/1950,"151 Herzl St, Rishon LeZion, Israel",-7753,nysymhrn@svd.com
416236297,1234567890,Michael,Avraham,08/03/1934,"9 Ben Yehuda St, Jerusalem, Israel",-5500,uddvn@nym.com
286728118,1234567890,Hannah,Barak,27/07/1940,"80 Ben Yehuda St, Jerusalem, Israel",-1269,vvdh@yahoo.com
447465402,1234567890,Daniel,Cohen,26/01/1942,"77 Jabotinsky St, Jerusalem, Israel",-3977,lvybyshy@hotmail.com
714200763,1234567890,Rachel,Weiss,19/10/1955,"120 Ibn Gabirol St, Eilat, Israel",-7119,khvgyrtlyh@qlyyn.info
136839107,1234567890,Jacob,Peretz,26/08/1955,"181 King George St, Eilat, Israel",-4226,ksvlvmvn@lqyym.com
892599101,1234567890,Michael,Barak,16/06/1946,"8 King George St, Tel Aviv, Israel",-7834,shpyrhll@gmail.com
627030471,1234567890,Joshua,Sharon,27/02/1996,"107 Ibn Gabirol St, Jerusalem, Israel",-4150,rgbyly@hotmail.com
932921547,1234567890,Rachel,Weiss,25/05/1980,"31 Ben Yehuda St, Haifa, Israel",-7895,rvnnmry@hotmail.com
388572414,1234567890,Emily,Sharon,14/09/1949,"17 Ibn Gabirol St, Holon, Israel",-1022,mnkhm96@mylr.org
363157132,1234567890,Jacob,Weiss,04/04/1985,"60 Ibn Gabirol St, Netanya, Israel",-6610,prydmnbytr@khn.biz
723299764,1234567890,Nathan,Peretz,24/08/1945,"15 Jabotinsky St, Tel Aviv, Israel",-7762,sdvd@bnymyn-grvs.com
144745890,1234567890,Jacob,Avraham,16/04/1971,"69 Herzl St, Eilat, Israel",-8470,khsnlvn@lybrmn.com
145389920,1234567890,David,Barak,01/08/2002,"152 Rothschild St, Be'er Sheva, Israel",-4951,lvynvm@dnynv-ymyn.org
863727921,1234567890,Jacob,Rosenthal,26/09/1937,"167 Dizengoff St, Haifa, Israel",-5633,bbv-snynh@yahoo.com
151970043,1234567890,Emily,Shalev,31/03/2000,"125 King George St, Netanya, Israel",-5645,bv-kpzyv@gmail.com
367247376,1234567890,Sarah,Sharon,24/03/1990,"147 King George St, Rishon LeZion, Israel",-6265,rvmymmn@hotmail.com
989943949,1234567890,Joshua,Cohen,30/03/1963,"124 Dizengoff St, Eilat, Israel",-728,ymryysqvb@gmail.com
916106792,1234567890,Jacob,Sharon,08/12/1946,"156 Herzl St, Haifa, Israel",-1789,zkhmdn@shmsh.com
105692875,1234567890,Sarah,Barak,07/07/1961,"125 Dizengoff St, Jerusalem, Israel",-1017,yvbdhn@hll.org
433709102,1234567890,Nathan,Mizrahi,26/03/1983,"128 Herzl St, Tel Aviv, Israel",-2195,tsvpyhbytvn@sl.com
454630377,1234567890,Sarah,Levi,06/04/1953,"20 Jabotinsky St, Jerusalem, Israel",-1449,bsybygyl@mshh.com
966793689,1234567890,Emily,Barak,03/03/1937,"83 Jabotinsky St, Eilat, Israel",-8717,nbvnmnvr@hotmail.com
634246938,1234567890,Daniel,Shalev,18/03/1968,"45 Ibn Gabirol St, Tel Aviv, Israel",-5803,rbybvtlyh@slh.org
555165703,1234567890,Hannah,Peretz,05/12/1950,"2 Rothschild St, Ashdod, Israel",-1366,drytmr@hotmail.com
308802339,1234567890,Jacob,Sharon,26/11/1967,"79 Rothschild St, Holon, Israel",-751,bylshvrts@yahoo.com
830778379,1234567890,Daniel,Avraham,20/04/1936,"45 Herzl St, Haifa, Israel",-8421,khlbyzvhr@hrl.com
344906771,1234567890,Jacob,Mizrahi,29/05/1973,"13 King George St, Tel Aviv, Israel",-6445,dvdnbr@prydmn.biz
952028470,1234567890,David,Avraham,26/10/1970,"146 Ibn Gabirol St, Tel Aviv, Israel",-9352,lby49@hotmail.com
